{
  "annotations": {
    "list": [
      {
        "builtIn": 1,
        "datasource": "-- Grafana --",
        "enable": true,
        "hide": true,
        "iconColor": "rgba(0, 211, 255, 1)",
        "name": "Annotations & Alerts",
        "type": "dashboard"
      }
    ]
  },
  "editable": true,
  "gnetId": null,
  "graphTooltip": 0,
  "id": 2,
  "links": [],
  "panels": [
    {
      "datasource": null,
      "fieldConfig": {
        "defaults": {
          "custom": {}
        },
        "overrides": []
      },
      "gridPos": {
        "h": 5,
        "w": 10,
        "x": 0,
        "y": 0
      },
      "id": 4,
      "options": {
        "content": "<center>\n<img height=\"100px\" src=\"http://wpafirenews.com/wp2/wp-content/uploads/2017/03/twitter-logo.png\" />\n<img height=\"100px\" src=\"https://bprd.nic.in/images/logo.png\" />\n</center>",
        "mode": "html"
      },
      "pluginVersion": "7.1.0",
      "targets": [
        {
          "format": "time_series",
          "group": [],
          "metricColumn": "none",
          "rawQuery": false,
          "rawSql": "SELECT\n  UNIX_TIMESTAMP(<time_column>) as time_sec,\n  <value column> as value,\n  <series name column> as metric\nFROM <table name>\nWHERE $__timeFilter(time_column)\nORDER BY <time_column> ASC\n",
          "refId": "A",
          "select": [
            [
              {
                "params": [
                  "value"
                ],
                "type": "column"
              }
            ]
          ],
          "timeColumn": "time",
          "where": [
            {
              "name": "$__timeFilter",
              "params": [],
              "type": "macro"
            }
          ]
        }
      ],
      "timeFrom": null,
      "timeShift": null,
      "title": "Twitter Analytics",
      "type": "text"
    },
    {
      "datasource": null,
      "fieldConfig": {
        "defaults": {
          "custom": {
            "align": "center"
          },
          "mappings": [],
          "thresholds": {
            "mode": "absolute",
            "steps": [
              {
                "color": "green",
                "value": null
              },
              {
                "color": "red",
                "value": 80
              }
            ]
          }
        },
        "overrides": []
      },
      "gridPos": {
        "h": 5,
        "w": 5,
        "x": 10,
        "y": 0
      },
      "id": 6,
      "options": {
        "showHeader": true
      },
      "pluginVersion": "7.1.1",
      "targets": [
        {
          "format": "table",
          "group": [],
          "metricColumn": "none",
          "rawQuery": true,
          "rawSql": "SELECT hashtag as \"Hashtags\", count(*) as \"Tweet Count\" FROM `hashtags` GROUP BY hashtag order by count(*) DESC",
          "refId": "A",
          "select": [
            [
              {
                "params": [
                  "value"
                ],
                "type": "column"
              }
            ]
          ],
          "timeColumn": "time",
          "where": [
            {
              "name": "$__timeFilter",
              "params": [],
              "type": "macro"
            }
          ]
        }
      ],
      "timeFrom": null,
      "timeShift": null,
      "title": "Hashtag Counts",
      "type": "table"
    },
    {
      "circleMaxSize": 30,
      "circleMinSize": 2,
      "colors": [
        "rgba(245, 54, 54, 0.9)",
        "rgba(237, 129, 40, 0.89)",
        "rgba(50, 172, 45, 0.97)"
      ],
      "datasource": null,
      "decimals": 0,
      "esMetric": "Count",
      "fieldConfig": {
        "defaults": {
          "custom": {}
        },
        "overrides": []
      },
      "gridPos": {
        "h": 5,
        "w": 9,
        "x": 15,
        "y": 0
      },
      "hideEmpty": false,
      "hideZero": false,
      "id": 8,
      "initialZoom": 1,
      "locationData": "table",
      "mapCenter": "(0°, 0°)",
      "mapCenterLatitude": 0,
      "mapCenterLongitude": 0,
      "maxDataPoints": 1,
      "mouseWheelZoom": true,
      "pluginVersion": "7.1.1",
      "showLegend": true,
      "stickyLabels": true,
      "tableQueryOptions": {
        "geohashField": "geohash",
        "labelField": "Location",
        "latitudeField": "latitude",
        "longitudeField": "longitude",
        "metricField": "Tweet Count",
        "queryType": "coordinates"
      },
      "targets": [
        {
          "format": "table",
          "group": [],
          "metricColumn": "none",
          "rawQuery": true,
          "rawSql": "select count(id) as \"Tweet Count\", latitude, longitude from tweets group by latitude, longitude order by count(id) desc limit 40",
          "refId": "A",
          "select": [
            [
              {
                "params": [
                  "value"
                ],
                "type": "column"
              }
            ]
          ],
          "timeColumn": "time",
          "where": [
            {
              "name": "$__timeFilter",
              "params": [],
              "type": "macro"
            }
          ]
        }
      ],
      "thresholds": "70,20",
      "timeFrom": null,
      "timeShift": null,
      "title": "World Heatmap",
      "type": "grafana-worldmap-panel",
      "unitPlural": "Tweets",
      "unitSingle": "",
      "unitSingular": "Tweet",
      "valueName": "total"
    },
    {
      "datasource": null,
      "fieldConfig": {
        "defaults": {
          "custom": {
            "align": null
          },
          "mappings": [],
          "min": 3,
          "thresholds": {
            "mode": "absolute",
            "steps": [
              {
                "color": "dark-green",
                "value": null
              },
              {
                "color": "#EAB839",
                "value": 35
              },
              {
                "color": "semi-dark-red",
                "value": 75
              }
            ]
          }
        },
        "overrides": [
          {
            "matcher": {
              "id": "byName",
              "options": "text"
            },
            "properties": [
              {
                "id": "custom.width",
                "value": 577
              }
            ]
          },
          {
            "matcher": {
              "id": "byName",
              "options": "id"
            },
            "properties": [
              {
                "id": "custom.width",
                "value": 60
              }
            ]
          },
          {
            "matcher": {
              "id": "byName",
              "options": "ID"
            },
            "properties": [
              {
                "id": "custom.width",
                "value": 108
              }
            ]
          },
          {
            "matcher": {
              "id": "byName",
              "options": "User Name"
            },
            "properties": [
              {
                "id": "custom.width",
                "value": 154
              }
            ]
          },
          {
            "matcher": {
              "id": "byName",
              "options": "Location"
            },
            "properties": [
              {
                "id": "custom.width",
                "value": 134
              }
            ]
          },
          {
            "matcher": {
              "id": "byName",
              "options": "Text Toxicity (%)"
            },
            "properties": [
              {
                "id": "custom.width",
                "value": 100
              },
              {
                "id": "custom.displayMode",
                "value": "color-background"
              }
            ]
          },
          {
            "matcher": {
              "id": "byName",
              "options": "Tweet ID"
            },
            "properties": [
              {
                "id": "custom.width",
                "value": 170
              }
            ]
          },
          {
            "matcher": {
              "id": "byName",
              "options": "Text Toxicity (%)"
            },
            "properties": [
              {
                "id": "custom.width",
                "value": 118
              }
            ]
          },
          {
            "matcher": {
              "id": "byName",
              "options": "Time Stamp"
            },
            "properties": [
              {
                "id": "custom.width",
                "value": 252
              }
            ]
          }
        ]
      },
      "gridPos": {
        "h": 19,
        "w": 24,
        "x": 0,
        "y": 5
      },
      "id": 2,
      "options": {
        "showHeader": true,
        "sortBy": [
          {
            "desc": true,
            "displayName": "Text Toxicity (%)"
          }
        ]
      },
      "pluginVersion": "7.1.1",
      "targets": [
        {
          "format": "table",
          "group": [],
          "metricColumn": "none",
          "rawQuery": true,
          "rawSql": "SELECT\n  id as \"Tweet ID\", timestamp as \"Time Stamp\", user_name as \"User Name\", text as \"Content\", location as \"Location\", text_polarity as \"Text Toxicity (%)\"\nFROM tweets\nORDER BY timestamp DESC\n",
          "refId": "A",
          "select": [
            [
              {
                "params": [
                  "value"
                ],
                "type": "column"
              }
            ]
          ],
          "timeColumn": "time",
          "where": [
            {
              "name": "$__timeFilter",
              "params": [],
              "type": "macro"
            }
          ]
        }
      ],
      "timeFrom": null,
      "timeShift": null,
      "title": "Real Time Tweet Analysis",
      "type": "table"
    }
  ],
  "refresh": "5s",
  "schemaVersion": 26,
  "style": "dark",
  "tags": [],
  "templating": {
    "list": []
  },
  "time": {
    "from": "now-6h",
    "to": "now"
  },
  "timepicker": {
    "refresh_intervals": [
      "10s",
      "30s",
      "1m",
      "5m",
      "15m",
      "30m"
    ]
  },
  "timezone": "Asia/Kolkata",
  "title": "Real Time Twitter Analysis",
  "uid": "iw6U1uVMk",
  "version": 22
}
